passer_player_id,passer_player_name,dropbacks,dropbacks_latest,epa_per_db,cpoe,sack_rate,teams,primary_team,epa_shrunk,value_pts,league_epa_per_db
00-0026498,M.Stafford,1053.0,741,0.1535,0.0033,0.0469,LA,LA,0.1145,4.1207,0.0
00-0039918,C.Williams,1004.0,686,0.0009,-2.2101,0.0703,CHI,CHI,-0.0093,-0.3338,0.0
00-0039732,B.Nix,991.5,684,0.0492,-0.5754,0.037,DEN,DEN,0.0292,1.0524,0.0
00-0034869,S.Darnold,920.5,599,0.0863,3.9299,0.0725,"MIN,SEA",SEA,0.0572,2.0581,0.0
00-0033106,J.Goff,917.5,614,0.1757,3.3763,0.0581,DET,DET,0.1274,4.5847,0.0
00-0034855,B.Mayfield,899.5,584,0.0411,1.133,0.0634,TB,TB,0.0213,0.7658,0.0
00-0033873,P.Mahomes,894.5,537,0.0851,1.4598,0.0647,KC,KC,0.0556,2.0011,0.0
00-0036355,J.Herbert,893.5,603,-0.0003,0.9422,0.0887,LAC,LAC,-0.0112,-0.4027,0.0
00-0034857,J.Allen,877.0,584,0.1533,2.9635,0.0538,BUF,BUF,0.1082,3.8946,0.0
00-0023459,A.Rodgers,876.5,563,-0.0235,-1.5482,0.0613,"NYJ,PIT",PIT,-0.0294,-1.0583,0.0
00-0039851,D.Maye,869.0,682,0.0996,6.1692,0.0966,NE,NE,0.0662,2.3815,0.0
00-0039163,C.Stroud,858.5,531,-0.0095,-1.4096,0.0776,HOU,HOU,-0.0187,-0.6717,0.0
00-0030565,G.Smith,817.5,503,-0.1086,3.4898,0.0928,"LV,SEA",LV,-0.0949,-3.4152,0.0
00-0033077,D.Prescott,784.5,631,0.1079,1.2195,0.0554,DAL,DAL,0.0697,2.5108,0.0
00-0036971,T.Lawrence,783.5,631,0.0239,-1.7006,0.0641,JAX,JAX,0.006,0.2167,0.0
00-0036389,J.Hurts,773.5,522,0.0517,4.9247,0.082,PHI,PHI,0.0269,0.9676,0.0
00-0039150,B.Young,755.0,548,-0.0873,0.5508,0.0603,CAR,CAR,-0.078,-2.8097,0.0
00-0036264,J.Love,746.5,508,0.179,2.7377,0.0386,GB,GB,0.1215,4.3754,0.0
00-0036442,J.Burrow,628.5,278,0.1162,6.1831,0.0664,CIN,CIN,0.0689,2.4818,0.0
00-0036212,T.Tagovailoa,625.5,415,0.0594,2.9227,0.061,MIA,MIA,0.0282,1.015,0.0
00-0033119,J.Brissett,619.5,530,-0.0649,0.5076,0.086,"ARI,NE",ARI,-0.0606,-2.181,0.0
00-0034796,L.Jackson,610.0,338,0.1508,3.8598,0.0703,BAL,BAL,0.0925,3.3283,0.0
00-0037834,B.Purdy,600.0,359,0.1268,3.5628,0.0535,SF,SF,0.0748,2.6927,0.0
00-0035710,D.Jones,594.5,409,0.0471,1.9112,0.0654,"IND,NYG",IND,0.0183,0.6597,0.0
00-0040676,C.Ward,592.0,592,-0.2122,-2.9297,0.0929,TEN,TEN,-0.164,-5.9044,0.0
00-0026158,J.Flacco,565.5,432,-0.1012,-1.3235,0.0515,"CIN,CLE,IND",CIN,-0.0855,-3.0787,0.0
00-0039910,J.Daniels,529.0,205,0.0435,1.8761,0.0809,WAS,WAS,0.0135,0.4861,0.0
00-0029604,K.Cousins,520.0,281,-0.0158,-0.4261,0.054,ATL,ATL,-0.0269,-0.9688,0.0
00-0035228,K.Murray,462.0,177,0.0483,1.505,0.0616,ARI,ARI,0.0138,0.4969,0.0
00-0036972,M.Jones,447.5,308,0.0597,1.5539,0.0511,"JAX,SF",SF,0.0204,0.7328,0.0
00-0039376,S.Rattler,397.0,272,-0.1798,-2.9538,0.0766,NO,NO,-0.1297,-4.6681,0.0
00-0040691,J.Dart,375.0,375,-0.0173,-0.1931,0.0933,NYG,NYG,-0.0304,-1.0932,0.0
00-0040743,T.Shough,356.0,356,-0.0207,1.6082,0.0871,NO,NO,-0.0328,-1.1806,0.0
00-0039917,M.Penix,344.5,290,0.0067,-3.8478,0.0426,ATL,ATL,-0.0171,-0.6173,0.0
00-0029263,R.Wilson,329.5,129,-0.0734,3.473,0.0887,"NYG,PIT",NYG,-0.0633,-2.2783,0.0
00-0036945,J.Fields,322.0,233,-0.0874,-0.1494,0.1046,"NYJ,PIT",NYJ,-0.071,-2.5572,0.0
00-0039923,J.McCarthy,273.0,273,-0.2256,-5.7239,0.0989,MIN,MIN,-0.1417,-5.1,0.0
00-0032268,M.Mariota,267.5,244,0.0005,5.4291,0.0653,WAS,WAS,-0.0239,-0.8599,0.0
00-0040668,S.Sanders,235.0,235,-0.2798,-4.9996,0.0979,CLE,CLE,-0.1613,-5.8078,0.0
00-0031503,J.Winston,232.0,69,-0.0237,-2.0123,0.0684,"CLE,NYG",NYG,-0.0373,-1.3437,0.0
00-0033662,C.Rush,213.5,53,-0.179,-7.182,0.0374,"BAL,DAL",BAL,-0.1094,-3.9389,0.0
00-0040704,D.Gabriel,204.0,204,-0.2472,-7.5071,0.0931,CLE,CLE,-0.1386,-4.99,0.0
00-0032950,C.Wentz,199.5,188,-0.0131,0.8678,0.109,"KC,MIN",MIN,-0.0336,-1.2101,0.0
00-0036898,D.Mills,188.0,169,-0.1316,-7.5921,0.0483,HOU,HOU,-0.085,-3.0615,0.0
00-0035289,G.Minshew,179.5,13,-0.2017,-0.2734,0.0838,"KC,LV",KC,-0.1134,-4.0821,0.0
00-0034771,M.Rudolph,173.5,55,-0.0177,1.3951,0.0445,"PIT,TEN",PIT,-0.0367,-1.3229,0.0
00-0040398,B.Cook,173.0,173,-0.4225,-10.0291,0.1098,NYJ,NYJ,-0.2023,-7.2841,0.0
00-0039152,W.Levis,172.0,0,-0.2301,-0.4323,0.1192,TEN,,-0.1234,-4.442,0.0
00-0028118,T.Taylor,159.5,147,-0.0763,1.1384,0.0814,NYJ,NYJ,-0.0603,-2.1693,0.0
00-0038579,A.O'Connell,150.0,23,-0.0685,-5.3114,0.0397,LV,LV,-0.0569,-2.0499,0.0
00-0035993,T.Huntley,148.5,74,-0.0636,6.4843,0.1031,"BAL,MIA",BAL,-0.0551,-1.9831,0.0
00-0031280,D.Carr,145.0,0,0.1244,3.2764,0.0276,NO,,0.014,0.5052,0.0
00-0039164,A.Richardson,140.5,2,-0.1873,-10.8375,0.0502,IND,IND,-0.0994,-3.579,0.0
00-0035100,J.Browning,134.0,134,-0.3139,0.3757,0.0672,CIN,CIN,-0.1421,-5.1151,0.0
00-0027973,A.Dalton,129.0,45,-0.153,0.3089,0.0704,CAR,CAR,-0.0851,-3.0627,0.0
00-0033537,D.Watson,125.0,0,-0.2858,-2.1934,0.132,CLE,,-0.1286,-4.6291,0.0
00-0035704,D.Lock,99.5,3,-0.2565,-6.236,0.0612,"NYG,SEA",SEA,-0.1088,-3.9162,0.0
00-0022942,P.Rivers,97.0,97,-0.1428,-3.6927,0.0515,IND,IND,-0.076,-2.7343,0.0
00-0040234,Q.Ewers,91.0,91,-0.0522,0.9923,0.0879,MIA,MIA,-0.0506,-1.8208,0.0
00-0040494,M.Brosmer,85.0,85,-0.6924,-3.5284,0.1647,MIN,MIN,-0.213,-7.668,0.0
00-0037012,T.Lance,81.5,59,-0.5532,-8.4823,0.0962,"DAL,LAC",LAC,-0.1737,-6.2535,0.0
00-0038102,K.Pickett,75.5,52,-0.4051,-4.0058,0.1212,"LV,PHI",LV,-0.1324,-4.7654,0.0
00-0040206,R.Leonard,70.0,70,-0.1449,-3.8709,0.0286,IND,IND,-0.0708,-2.5476,0.0
00-0038400,T.McKee,69.5,46,0.0386,0.5898,0.0538,PHI,PHI,-0.0307,-1.1059,0.0
00-0038128,M.Willis,69.5,38,0.4812,12.8989,0.1089,GB,GB,0.0656,2.36,0.0
00-0038583,D.Thompson-Robinson,63.0,0,-0.6042,-11.6683,0.0635,CLE,,-0.1615,-5.8158,0.0
00-0037324,C.Oladokun,62.5,62,-0.518,-3.9013,0.1429,KC,KC,-0.1436,-5.1693,0.0
00-0026300,J.Johnson,56.0,54,0.0354,3.5259,0.0517,"BAL,WAS",WAS,-0.0344,-1.2375,0.0
00-0033869,M.Trubisky,50.0,37,0.5813,6.9435,0.0,BUF,BUF,0.0552,1.9876,0.0
00-0038122,D.Ridder,47.0,0,-0.2737,-3.1811,0.1064,LV,,-0.0854,-3.0745,0.0
00-0032434,B.Allen,47.0,31,-0.6742,-9.2358,0.0476,"SF,TEN",TEN,-0.1488,-5.3562,0.0
00-0039398,J.Milton,38.5,24,0.1377,9.9856,0.0,"DAL,NE",DAL,-0.025,-0.8984,0.0
00-0033949,J.Dobbs,34.0,10,0.0514,2.4064,0.0345,"NE,SF",NE,-0.0379,-1.3632,0.0
00-0035264,J.Stidham,34.0,34,-0.4843,-5.8233,0.0882,DEN,DEN,-0.102,-3.6718,0.0
00-0034177,T.Boyle,25.5,0,-0.3196,-8.4788,0.0392,"MIA,NYG",,-0.0749,-2.6982,0.0
00-0038476,T.DeVito,25.0,0,-0.1998,4.7245,0.12,NYG,,-0.0636,-2.2902,0.0
00-0038998,J.Haener,22.5,0,-0.3718,-17.3184,0.1333,NO,,-0.0766,-2.7565,0.0
00-0031345,J.Garoppolo,22.5,0,0.0066,-3.0715,0.0667,LA,,-0.0453,-1.6318,0.0
00-0038582,C.Tune,21.0,20,-1.0024,-16.8211,0.2273,"ARI,GB",GB,-0.1238,-4.457,0.0
00-0037327,S.Thompson,19.5,0,-0.4373,2.2261,0.1538,MIA,,-0.078,-2.8089,0.0
00-0036679,S.Buechele,19.0,19,-0.3867,-16.7719,0.2632,KC,KC,-0.0738,-2.656,0.0
00-0031237,T.Bridgewater,17.5,17,-0.7457,-13.9705,0.1111,"DET,TB",TB,-0.0955,-3.4386,0.0
00-0038108,B.Zappe,16.0,0,-0.5661,-13.5541,0.0312,CLE,,-0.081,-2.9176,0.0
00-0037013,Z.Wilson,11.0,11,-0.6294,-7.3664,0.0,MIA,MIA,-0.0744,-2.679,0.0
00-0037077,S.Howell,9.0,0,-0.9048,-33.1993,0.2222,SEA,,-0.0797,-2.8693,0.0
00-0033357,T.Hill,8.0,6,-0.3565,-16.7725,0.0,NO,NO,-0.0595,-2.1422,0.0
00-0034401,M.White,5.5,0,-0.6899,-36.9008,0.0,BUF,,-0.0638,-2.2959,0.0
00-0038550,H.Hooker,5.0,0,-0.2473,-8.2772,0.1,DET,,-0.0539,-1.9393,0.0
00-0038416,T.Bagent,5.0,4,0.463,12.1802,0.0,CHI,CHI,-0.0399,-1.4378,0.0
00-0033319,N.Mullens,4.0,3,1.3031,34.2662,0.0,"JAX,MIN",JAX,-0.0287,-1.0329,0.0
00-0035685,D.Montgomery,4.0,3,-0.1285,17.837,0.2,DET,DET,-0.0512,-1.8445,0.0
00-0031800,T.Heinicke,4.0,0,-0.784,-11.8666,0.375,LAC,,-0.0616,-2.2162,0.0
00-0034577,K.Allen,2.5,2,-0.2855,-33.3378,0.0,"DET,PIT",DET,-0.0523,-1.8839,0.0
00-0035645,G.Olszewski,2.0,2,1.1866,-2.36,0.0,NYG,NYG,-0.0402,-1.4467,0.0
00-0039577,K.Slovis,2.0,2,-1.1007,-31.8118,0.0,ARI,ARI,-0.0583,-2.1002,0.0
00-0034348,C.Sutton,2.0,1,-0.1767,47.6996,0.3333,DEN,DEN,-0.051,-1.8362,0.0
00-0034827,D.Moore,1.5,1,2.3982,8.1874,0.0,CHI,CHI,-0.0354,-1.2743,0.0
00-0040128,T.Warren,1.0,1,-0.4927,,0.0,IND,IND,-0.0518,-1.8635,0.0
00-0040730,R.Harvey,1.0,1,-0.486,-77.0617,0.0,DEN,DEN,-0.0517,-1.8625,0.0
00-0040563,E.Chism,1.0,1,-1.671,-55.1324,0.0,NE,NE,-0.0565,-2.0325,0.0
00-0039451,I.Williams,1.0,1,-0.8462,-61.9471,0.0,NYJ,NYJ,-0.0532,-1.9142,0.0
00-0029692,B.Anger,1.0,0,-2.8831,-23.9351,0.0,DAL,,-0.0613,-2.2063,0.0
00-0028872,J.Hekker,1.0,0,-2.8956,-57.9557,0.0,CAR,,-0.0613,-2.2081,0.0
00-0040784,Q.Judkins,1.0,1,-0.9744,,0.0,CLE,CLE,-0.0537,-1.9326,0.0
00-0033908,C.Kupp,1.0,1,-5.3976,-65.1182,0.0,SEA,SEA,-0.0713,-2.567,0.0
00-0034721,C.Bojorquez,1.0,1,-1.832,,0.0,CLE,CLE,-0.0571,-2.0556,0.0
00-0033280,C.McCaffrey,1.0,1,-0.7983,,0.0,SF,SF,-0.053,-1.9073,0.0
00-0034418,C.Wilson,1.0,0,0.536,64.7045,0.5,NO,,-0.0477,-1.716,0.0
00-0032764,D.Henry,1.0,1,-0.4865,-33.693,0.0,BAL,BAL,-0.0517,-1.8626,0.0
00-0032943,R.Dixon,1.0,0,0.7564,37.2881,0.0,DEN,,-0.0468,-1.6843,0.0
00-0033269,R.Sanchez,1.0,1,3.4852,38.5239,0.0,IND,IND,-0.0359,-1.293,0.0
00-0033400,M.Haack,1.0,1,4.3736,37.1732,0.0,ARI,ARI,-0.0324,-1.1655,0.0
00-0035250,D.Singletary,1.0,1,1.0256,,0.0,NYG,NYG,-0.0457,-1.6457,0.0
00-0036414,C.Akers,1.0,1,3.2326,44.7402,0.0,MIN,MIN,-0.0369,-1.3292,0.0
00-0036613,J.Waddle,1.0,1,-0.6198,11.6132,0.0,MIA,MIA,-0.0523,-1.8817,0.0
00-0034955,B.Rypien,1.0,1,-1.2653,,1.0,CIN,CIN,-0.0548,-1.9743,0.0
00-0037239,C.Olave,1.0,1,-3.6226,-55.089,0.0,NO,NO,-0.0642,-2.3124,0.0
00-0037742,T.Burks,1.0,1,-0.5258,,1.0,WAS,WAS,-0.0519,-1.8682,0.0
00-0036259,J.Jennings,1.0,1,3.1822,68.2195,0.0,SF,SF,-0.0371,-1.3364,0.0
00-0036290,C.Kmet,1.0,1,-0.5202,-63.2941,0.0,CHI,CHI,-0.0519,-1.8674,0.0
00-0038120,B.Hall,1.0,1,1.1671,56.8753,0.0,NYJ,NYJ,-0.0452,-1.6254,0.0
00-0039634,A.McNamara,1.0,1,2.8291,25.8705,0.0,NYJ,NYJ,-0.0385,-1.3871,0.0
00-0039054,M.Mapu,1.0,1,-2.5101,,1.0,NE,NE,-0.0598,-2.1528,0.0
00-0032399,M.Killebrew,0.5,0,-2.7173,-54.0267,0.0,PIT,,-0.0553,-1.9917,0.0
00-0030140,T.Way,0.5,0,3.9446,36.9608,0.0,WAS,,-0.042,-1.513,0.0
00-0032065,B.Pinion,0.5,0,-0.9866,,0.0,ATL,,-0.0519,-1.8673,0.0
00-0031588,S.Diggs,0.5,0,2.7233,10.5839,0.0,HOU,,-0.0445,-1.6007,0.0
00-0030279,K.Allen,0.5,0,-5.9508,-58.8852,0.0,CHI,,-0.0618,-2.224,0.0
00-0034162,J.Scott,0.5,0,-2.7462,14.481,0.0,LAC,,-0.0554,-1.9937,0.0
00-0033897,J.Mixon,0.5,0,-0.7657,-36.2447,0.0,HOU,,-0.0514,-1.8514,0.0
00-0033307,K.Bourne,0.5,0,-1.3596,-75.7277,0.0,NE,,-0.0526,-1.8941,0.0
00-0033009,T.Boyd,0.5,0,-0.474,-39.1662,0.0,TEN,,-0.0508,-1.8305,0.0
00-0034521,A.Lazard,0.5,0,-1.0504,,0.0,NYJ,,-0.052,-1.8719,0.0
00-0034844,S.Barkley,0.5,0,-1.6995,,1.0,PHI,,-0.0533,-1.9185,0.0
00-0034960,J.Meyers,0.5,0,-1.6072,,1.0,LV,,-0.0531,-1.9119,0.0
00-0035156,J.Fox,0.5,0,3.5978,36.9878,0.0,DET,,-0.0427,-1.5379,0.0
00-0036849,T.Atwell,0.5,0,-0.5507,-34.2592,0.0,LA,,-0.051,-1.836,0.0
00-0036626,D.Brown,0.5,0,-0.4695,-30.9715,0.0,WAS,,-0.0508,-1.8301,0.0
00-0036309,D.Mooney,0.5,0,-0.4634,,0.0,ATL,,-0.0508,-1.8297,0.0
00-0036322,J.Jefferson,0.5,0,3.0113,10.4562,0.0,MIN,,-0.0439,-1.58,0.0
00-0035719,D.Samuel,0.5,0,-2.1294,,1.0,SF,,-0.0542,-1.9494,0.0
00-0035190,A.Cole,0.5,0,4.2943,30.5396,0.0,LV,,-0.0413,-1.4878,0.0
00-0036963,A.St. Brown,0.5,0,1.6845,33.9258,0.0,DET,,-0.0465,-1.6754,0.0
00-0037276,T.Chandler,0.5,0,-0.6381,,1.0,MIN,,-0.0512,-1.8423,0.0
00-0038543,J.Smith-Njigba,0.5,0,2.204,69.8302,0.0,SEA,,-0.0455,-1.638,0.0
00-0036928,K.Trask,0.5,0,0.2582,12.9273,0.0,TB,,-0.0494,-1.7779,0.0
00-0037240,Ja.Williams,0.5,0,-4.481,-55.5247,0.0,DET,,-0.0588,-2.1184,0.0
00-0036880,P.Sewell,0.5,0,-1.0154,,1.0,DET,,-0.0519,-1.8694,0.0
00-0039916,R.Pearsall,0.5,0,-0.5706,,0.0,SF,,-0.051,-1.8374,0.0
00-0039890,A.Mitchell,0.5,0,2.4061,13.4346,0.0,IND,,-0.0451,-1.6235,0.0
00-0039491,J.Coker,0.5,0,1.2711,41.245,0.0,CAR,,-0.0474,-1.7051,0.0
00-0039337,M.Nabers,0.5,0,-1.0033,-69.1604,0.0,NYG,,-0.0519,-1.8685,0.0
