team,off_pass_epa,def_pass_epa,off_rush_epa,def_rush_epa,off_epa_raw,off_success,def_epa_raw,off_epa_adj,def_epa_adj,off_pts,def_pts,epa_rating,margin_rating,rating_raw,rating_regressed,pass_share
SEA,0.1254,0.174,-0.0017,0.1635,0.0448,0.4599,0.1228,0.075,0.1698,4.7226,10.6994,15.422,13.3339,14.7956,7.8447,0.5232
LA,0.2008,0.0732,0.1141,0.0474,0.1445,0.5071,0.0467,0.1664,0.0629,10.4854,3.9655,14.4509,10.2622,13.1942,7.5763,0.5952
NE,0.1336,0.112,-0.0333,0.0441,0.0903,0.4621,0.0909,0.0674,0.085,4.2441,5.3558,9.5999,6.6341,8.7102,4.7361,0.6073
BUF,0.1566,0.0488,0.131,-0.097,0.1376,0.4863,0.011,0.1464,-0.0091,9.2249,-0.5707,8.6542,4.9621,7.5466,4.6306,0.5636
HOU,-0.0082,0.2299,-0.0461,0.1234,-0.0308,0.412,0.1607,-0.0232,0.1876,-1.4646,11.8195,10.355,7.4794,9.4923,4.5698,0.6053
JAX,0.0549,0.1229,0.008,0.025,0.0313,0.4477,0.0862,0.0363,0.0841,2.2853,5.2962,7.5815,7.4137,7.5312,3.9946,0.602
DET,0.123,0.0401,-0.0163,-0.0163,0.0822,0.4529,0.0099,0.0677,0.0177,4.2667,1.1177,5.3844,2.8782,4.6325,2.7022,0.5937
IND,0.0567,-0.0342,0.1264,0.027,0.0721,0.4629,-0.0043,0.0843,-0.0099,5.314,-0.6239,4.6901,3.2926,4.2708,2.6399,0.5984
DEN,0.0318,0.1161,-0.021,0.0279,0.0314,0.4339,0.0793,0.0108,0.0811,0.6828,5.1091,5.792,3.1,4.9844,2.5245,0.6334
GB,0.2215,-0.0749,-0.0469,0.0096,0.1216,0.4751,-0.0391,0.115,-0.0414,7.2434,-2.6063,4.637,0.5884,3.4224,2.365,0.5663
PHI,-0.0107,0.1384,-0.0221,0.051,0.0213,0.4311,0.07,-0.0152,0.1037,-0.9597,6.5344,5.5748,1.8552,4.4589,2.0852,0.5736
SF,0.1365,-0.0766,0.02,-0.0435,0.0611,0.4763,-0.0699,0.0903,-0.0635,5.6891,-4.0,1.6891,4.3955,2.501,1.8503,0.5958
CHI,0.0815,-0.015,0.0501,-0.0251,0.0736,0.4542,-0.0314,0.069,-0.019,4.3485,-1.1957,3.1528,1.3992,2.6267,1.7164,0.592
KC,0.03,0.0063,-0.0012,0.033,0.0349,0.4447,0.0192,0.0176,0.0169,1.1118,1.0648,2.1767,0.6308,1.7129,0.9444,0.6584
BAL,-0.0177,-0.071,0.108,0.0674,0.034,0.4456,-0.0251,0.0322,-0.0161,2.0292,-1.0138,1.0154,1.7474,1.235,0.8283,0.5262
LAC,-0.0416,0.0815,-0.0205,0.0504,-0.0354,0.4311,0.079,-0.0332,0.0691,-2.0933,4.3555,2.2622,0.3705,1.6947,0.6161,0.6365
TB,0.02,-0.043,-0.0204,0.0387,-0.0089,0.4235,-0.0133,0.0039,-0.0106,0.2487,-0.6671,-0.4185,-1.2484,-0.6674,-0.3222,0.6047
MIN,-0.1887,0.1944,-0.0239,0.0373,-0.1155,0.4263,0.0995,-0.1233,0.132,-7.7699,8.3174,0.5475,0.2439,0.4564,-0.5372,0.6098
PIT,-0.0497,-0.0251,0.0587,-0.0138,-0.0048,0.4316,-0.0217,-0.0067,-0.0206,-0.4202,-1.3003,-1.7205,-0.818,-1.4497,-0.7542,0.612
ATL,-0.0422,0.0323,0.0041,-0.036,-0.0214,0.4373,0.0037,-0.0238,0.0052,-1.4988,0.329,-1.1699,-2.2418,-1.4914,-0.9099,0.5656
NYG,-0.0092,0.013,0.0261,-0.1881,0.0123,0.4208,-0.0874,0.0048,-0.0668,0.3008,-4.2075,-3.9067,-3.0221,-3.6413,-1.7818,0.5811
NO,-0.1129,0.0656,-0.1166,0.0708,-0.0881,0.4201,0.0591,-0.1144,0.0677,-7.208,4.2644,-2.9435,-3.6286,-3.149,-2.2941,0.6306
DAL,0.1131,-0.2155,0.0145,-0.1076,0.0978,0.4665,-0.1674,0.074,-0.1727,4.6606,-10.8806,-6.22,-4.0471,-5.5681,-2.301,0.6196
CAR,-0.0633,-0.0375,-0.0023,-0.0548,-0.0413,0.4306,-0.0704,-0.0391,-0.0444,-2.4621,-2.7955,-5.2576,-2.3687,-4.3909,-2.3987,0.594
ARI,-0.0016,-0.0904,-0.0421,-0.0199,-0.0185,0.4302,-0.0884,-0.0176,-0.0624,-1.1114,-3.9336,-5.045,-5.0158,-5.0362,-2.6316,0.6965
CIN,-0.046,-0.1538,0.0772,-0.089,-0.0085,0.4547,-0.1298,0.0029,-0.1281,0.1827,-8.0707,-7.8879,-3.4863,-6.5675,-3.2077,0.6587
WAS,0.0137,-0.1637,-0.0003,-0.1053,0.0065,0.4566,-0.1433,0.0081,-0.1406,0.5108,-8.8558,-8.345,-5.4723,-7.4832,-3.6568,0.5802
MIA,-0.0617,-0.1389,0.0085,-0.0127,-0.0168,0.4193,-0.0882,-0.0339,-0.0888,-2.1328,-5.5961,-7.7289,-5.2414,-6.9826,-3.6708,0.5658
CLE,-0.3281,0.1403,-0.0537,0.0261,-0.1902,0.3453,0.0958,-0.2192,0.095,-13.8113,5.9845,-7.8268,-6.1325,-7.3185,-4.9952,0.6235
TEN,-0.1533,-0.1414,0.0109,-0.0394,-0.1597,0.3739,-0.1013,-0.0881,-0.1009,-5.5534,-6.3577,-11.9111,-7.2634,-10.5168,-5.7448,0.6492
LV,-0.1678,-0.0476,-0.2339,0.014,-0.2154,0.3758,-0.0243,-0.194,-0.0232,-12.222,-1.4604,-13.6825,-9.4135,-12.4018,-7.3483,0.6369
NYJ,-0.1963,-0.26,-0.0553,-0.0078,-0.1265,0.4073,-0.1472,-0.1404,-0.16,-8.844,-10.0775,-18.9215,-11.1873,-16.6013,-9.0703,0.6075
