game_id,kickoff,away,home,venue,roof,neutral_site,div_game,predicted_winner,win_probability,confidence,p_home_win,fair_home_moneyline,fair_away_moneyline,market_home_moneyline,market_away_moneyline,market_p_home_devig,edge_vs_market_home,market_spread_home,model_margin_home,final_margin_home,margin_sd,proj_home_pts,proj_away_pts,proj_total,home_rating_2025,away_rating_2025,home_rating_adj,away_rating_adj,home_field_pts,home_qb,away_qb,home_qb_adj,away_qb_adj,home_injury_pts,away_injury_pts,home_injury_details,away_injury_details,home_new_hc,away_new_hc,weather_note,weather_temp_f,weather_wind_mph,weather_precip_pct,weather_confidence,p_home_by_7plus,p_away_by_7plus,home_qb_notes,away_qb_notes
2026_01_NE_SEA,2026-09-09 20:20 ET,NE,SEA,Lumen Field,outdoors,False,False,SEA,0.6502,Moderate,0.6502,-186,186,-185,154,0.6225,0.0277,3.5,6.84,5.0,13.31,24.8,19.7,44.5,7.84,4.74,7.14,2.6,2.3,Sam Darnold,Drake Maye,0.02,0.04,-0.73,-2.18,"Bud Clark (DB, IR) -0.10; Irv Charles (WR, IR) -0.14; Jake Bobo (WR, IR) -0.14; Mason Richman (OL, IR) -0.12; Nick Emmanwori (S, Questionable) -0.18","Bryce Baringer (P, IR) -0.10; Eric Butler (S, IR) -0.10; Henry Anderson (DE, IR) -0.17; Isaiah Iton (DL, IR) -0.12; Khalil Jacobs (LB, IR) -0.09; Kristian Wilkerson (WR, IR) -0.14; Marcus Bryant (OT, IR) -0.20; Harold Landry III (EDGE, PUP) -0.80; Brenden Schooler (S, NFI) -0.10; TreVeyon Henderson (RB, Questionable) -0.20; Christian Gonzalez (CB, Probable) -0.15",False,False,benign,68.0,8.0,10.0,medium,0.458,0.19,,Drake Maye did not play in the preseason; healthy.
2026_01_SF_LA,2026-09-10 20:35 ET,SF,LA,Melbourne Cricket Ground,outdoors,True,True,LA,0.6556,Moderate,0.6556,-190,190,-205,170,0.6447,0.0109,3.5,6.85,5.01,12.84,26.8,21.7,48.5,7.58,1.85,7.05,0.2,0.0,Matthew Stafford,Brock Purdy,0.0,0.55,-0.53,-2.19,"Justin Dedich (OL, IR) -0.12; Keagen Trost (OL, IR) -0.12; Alaric Jackson (LT, Probable) -0.10; Puka Nacua (WR, Probable) -0.18","Mykel Williams (DL, PUP) -0.70; Sam Okuayinonu (DE, Out) -0.17; George Kittle (TE, Questionable) -0.39; Keion White (DE, Questionable) -0.32; Renardo Green (CB, Questionable) -0.23; Romello Height (DE, Questionable) -0.08; Mike Evans (WR, Probable) -0.06; Nick Bosa (DE, Returning-expected-to-play) -0.11",False,False,benign,57.0,10.0,20.0,medium,0.457,0.182,Stafford dealt with back soreness in camp but is expected to start.,
2026_01_ATL_PIT,2026-09-13 13:00 ET,ATL,PIT,Acrisure Stadium,outdoors,False,False,PIT,0.6056,Moderate,0.6056,-154,154,-185,154,0.6225,-0.0169,3.5,3.57,3.53,13.53,22.6,18.9,41.5,-0.75,-0.91,-1.53,-3.6,1.5,Aaron Rodgers,Michael Penix Jr.,0.01,-0.25,-0.86,-2.53,"DeShon Elliott (S, IR) -0.40; Jack Driscoll (OT, IR) -0.20; Donte Kent (CB, PUP) -0.17","Beaux Collins (WR, IR) -0.14; Darren Hall (CB, IR) -0.17; J.D. Bertrand (LB, IR) -0.09; Jalon Walker (OLB, IR) -0.80; Malik Verdon (LB, IR) -0.09; Trey Sermon (RB, IR) -0.11; DeAngelo Malone (LB, PUP) -0.09; Storm Norton (OL, PUP) -0.12; Anterio Thompson (DT, NFI) -0.11; James Pearce Jr. (EDGE, Suspended) -0.80",True,True,benign,80.0,8.0,25.0,low,0.418,0.226,Aaron Rodgers has declared 2026 his final season; reunited with Mike McCarthy.,"Stefanski still had not named a starter as of Sept 5; Penix (ACL return, no preseason snaps) is the reported favorite over Tua Tagovailoa after Tua's poor preseason. Value trimmed for rust and variance widened for the open competition."
2026_01_BAL_IND,2026-09-13 13:00 ET,BAL,IND,Lucas Oil Stadium,retractable (status uncertain; lean CLOSED if heat persists),False,False,BAL,0.5213,Coin flip,0.4787,109,-109,145,-175,0.3908,0.0879,-3.5,2.52,-0.79,13.39,23.9,24.6,48.5,2.64,0.83,2.47,1.45,1.5,Daniel Jones,Lamar Jackson,0.31,1.01,-0.48,-0.3,"Musgrave (TE, PUP) -0.12; Alec Pierce (WR, Questionable) -0.25; Keenan Allen (WR, Probable) -0.06","Nnamdi Madubuike (DT, Questionable) -0.20; Zay Flowers (WR, Probable) -0.10",False,True,indoor,88.0,8.0,15.0,low,0.294,0.332,Daniel Jones starting about nine months after an Achilles tear; Anthony Richardson named QB2 on Sept 3.,
2026_01_BUF_HOU,2026-09-13 13:00 ET,BUF,HOU,Reliant Stadium,retractable (expected CLOSED),False,False,BUF,0.5053,Coin flip,0.4946,102,-102,-102,-118,0.4826,0.012,-1.5,1.13,-0.32,13.35,22.2,22.4,44.5,4.57,4.63,3.19,3.56,1.5,C.J. Stroud,Josh Allen,0.35,0.07,-1.72,-0.68,"Braden Smith (RT, IR) -0.60; Jayden Higgins (WR, IR) -0.55; Ossai (DE, IR) -0.17; Speed (reported as LB E.J. Speed) (LB, IR) -0.35","Tyrell Shavers (WR, PUP) -0.14; Javon Solomon (OLB, Questionable) -0.07; Jude Bowry (OT, Questionable) -0.09; Khalil Shakir (WR, Questionable) -0.25; Ty Johnson (RB, Questionable) -0.05",False,True,indoor,92.0,8.0,30.0,high,0.305,0.319,,Josh Allen under new HC Joe Brady.
2026_01_CHI_CAR,2026-09-13 13:00 ET,CHI,CAR,Bank of America Stadium,outdoors,False,False,CHI,0.5894,Lean,0.4107,144,-144,124,-148,0.4279,-0.0173,-2.5,-3.82,-3.09,13.31,22.3,25.3,47.5,-2.4,1.72,-5.55,-0.23,1.5,Bryce Young,Caleb Williams,0.01,0.01,-3.17,-1.95,"Kemoko Turay (EDGE, IR) -0.20; Nic Scourton (EDGE, IR) -0.80; Ikem Ekwonu (LT, PUP) -1.00; Tershawn Wharton (DT, PUP) -0.45; Taylor Moton (RT, NFI) -0.60; Jaelan Phillips (EDGE, Probable) -0.08","Brittain Brown (RB, IR) -0.11; Coby Bryant (S, IR) -0.10; Dallis Flowers (CB, IR) -0.17; Hayden Large (TE, IR) -0.12; Ray-Ray McCloud III (WR, IR) -0.14; Ruben Hyppolite II (LB, IR) -0.09; Tony Fields II (LB, IR) -0.09; Kyler Gordon (CB, PUP) -0.35; Noah Sewell (LB, PUP) -0.09; Shemar Turner (DL, PUP) -0.45; Kyle Monangai (RB, Out) -0.11; Rome Odunze (WR, Probable) -0.06",False,False,benign,79.0,6.0,10.0,medium,0.24,0.398,,
2026_01_CLE_JAX,2026-09-13 13:00 ET,CLE,JAX,EverBank Stadium,outdoors,False,False,JAX,0.7385,High,0.7385,-282,282,-395,310,0.7659,-0.0275,7.5,9.83,8.29,13.44,23.7,15.3,39.0,3.99,-5.0,3.57,-4.76,1.5,Trevor Lawrence,Deshaun Watson,0.0,0.08,-0.43,-0.35,"Cole Van Lanen (OL, Questionable) -0.23; LeQuint Allen (RB, Questionable) -0.05; Brian Thomas Jr. (WR, Probable) -0.06; Jakobi Meyers (WR, Probable) -0.06","Jeremiah Owusu-Koramoah (LB, PUP) -0.35",False,True,"rain/storm chance 50%, heat 91F",91.0,8.0,50.0,medium,0.558,0.133,,"Deshaun Watson named Week 1 starter over Shedeur Sanders on Aug 31; first start since October 2024 after two Achilles ruptures. Value from his 2024 play, variance widened."
2026_01_NO_DET,2026-09-13 13:00 ET,NO,DET,Ford Field,dome,False,False,DET,0.7103,High,0.7103,-245,245,-305,245,0.7221,-0.0118,7.0,7.22,7.1,13.32,28.4,21.2,49.5,2.7,-2.29,1.94,-3.78,1.5,Jared Goff,Tyler Shough,0.03,1.19,-0.79,-2.67,"Christian Izien (DB, Doubtful) -0.30; Sam LaPorta (TE, Questionable) -0.39; Aidan Hutchinson (EDGE, Returning-expected-to-play) -0.06","Barry Wesley (OT, IR) -0.20; Dalys Beanum (CB, IR) -0.17; David Long Jr. (CB, IR) -0.17; Jaylan Ford (LB, IR) -0.09; Jordyn Tyson (WR, IR) -0.55; Mike Heldman (EDGE, IR) -0.20; Mason Tipton (WR, PUP) -0.14; Alvin Kamara (RB, Out) -0.79; Cameron Jordan (DE, Questionable) -0.36",False,False,indoor,,,,,0.521,0.151,,Tyler Shough year two; modest development bump.
2026_01_NYJ_TEN,2026-09-13 13:00 ET,NYJ,TEN,Nissan Stadium,outdoors,False,False,TEN,0.6158,Moderate,0.6158,-160,160,-130,110,0.5427,0.073,1.5,6.66,3.82,13.38,21.2,17.3,38.5,-5.74,-9.07,-4.7,-9.86,1.5,Cam Ward,Geno Smith,0.83,0.3,-0.36,-1.1,"Dorian Mausi (LB, IR) -0.09; Joshua Williams (CB, IR) -0.17; Jackie Marshall (DL, Questionable) -0.06","Anez Cooper (OL, IR) -0.12; Chip Trayanum (RB, IR) -0.11; Mykal Walker (LB, IR) -0.09; Tre Brown (CB, IR) -0.17; VJ Payne (DB, IR) -0.10; Tyler Baron (EDGE, PUP) -0.20; Nahshon Wright (CB, Questionable) -0.08; Qwan'tez Stiggers (CB, Questionable) -0.08",True,False,heat 89F,89.0,6.0,20.0,medium,0.424,0.218,Cam Ward year two under new HC Robert Saleh and OC Brian Daboll; modest development bump applied to his rookie-year value.,"Geno Smith acquired from LV; his 2025 season in Las Vegas was poor, 2024 was solid."
2026_01_TB_CIN,2026-09-13 13:00 ET,TB,CIN,Paycor Stadium,outdoors,False,False,CIN,0.57,Lean,0.57,-133,133,-205,170,0.6447,-0.0747,3.5,0.63,2.21,13.35,26.9,24.6,51.5,-3.21,-0.32,-2.48,-1.61,1.5,Joe Burrow,Baker Mayfield,2.21,0.07,-1.48,-1.36,"Brian Parker Jr. (OL, IR) -0.12; Ja'Sir Taylor (CB, IR) -0.17; Shemar Stewart (DE, Doubtful) -0.68; Dax Hill (CB, Questionable) -0.23; Ja'Marr Chase (WR, Probable) -0.18; Tee Higgins (WR, Probable) -0.06","Josh Hayes (CB, IR) -0.17; Anthony Nelson (OLB, Questionable) -0.07; Christian Rozeboom (ILB, Questionable) -0.16; Emeka Egbuka (WR, Questionable) -0.45; Jalen McMillan (WR, Questionable) -0.14; Justin Skule (OT, Questionable) -0.09; Rueben Bain Jr. (EDGE, Probable) -0.08; Tristan Wirfs (LT, Returning-expected-to-play) -0.14; Vita Vea (DT, Returning-expected-to-play) -0.06",False,False,benign,84.0,6.0,10.0,medium,0.379,0.255,Joe Burrow healthy after missing nine games in 2025 (Cincinnati went 1-8 without him).,Baker Mayfield in a new offense under OC Zac Robinson; Mike Evans left for San Francisco.
2026_01_ARI_LAC,2026-09-13 16:25 ET,ARI,LAC,SoFi Stadium,dome,False,False,LAC,0.7279,High,0.7279,-268,268,-625,455,0.8271,-0.0992,10.5,4.63,7.86,13.37,27.2,19.3,46.5,0.62,-2.63,-1.08,-4.21,1.5,Justin Herbert,Jacoby Brissett,0.31,-0.4,-2.01,-1.44,"Branson Taylor (OL, IR) -0.12; Denzel Perryman (LB, IR) -0.35; Tyler Biadasz (C, IR) -0.50; Isaiah World (OT, NFI) -0.20; Rashawn Slater (LT, Questionable) -0.79","James Conner (RB, IR) -0.45; Zach Carter (DL, IR) -0.12; Tip Reiman (TE, PUP) -0.12; Garrett Williams (CB, Questionable) -0.16; Jeremiyah Love (RB, Questionable) -0.20; Will Johnson (CB, Questionable) -0.38",False,True,indoor,,,,,0.545,0.14,,
2026_01_GB_MIN,2026-09-13 16:25 ET,GB,MIN,U.S. Bank Stadium,dome,False,True,MIN,0.5809,Lean,0.5809,-139,139,-118,-102,0.5174,0.0636,1.5,3.71,2.49,12.85,24.1,21.5,45.5,-0.54,2.36,1.5,-0.71,1.5,Kyler Murray,Jordan Love,2.79,0.27,-0.76,-3.34,"Jamal Adams (LB, IR) -0.09; Marcus Allen (S, IR) -0.10; Michael Jurgens (OL, IR) -0.12; Tyreek Chappell (CB, IR) -0.17; Caleb Tiernan (OT, Questionable) -0.09; Theo Jackson (S, Questionable) -0.18","Collin Oliver (EDGE, IR) -0.20; Savion Williams (WR, IR) -0.14; Trey Dean III (S, IR) -0.10; Jordon Riley (DL, PUP) -0.12; Luke Musgrave (TE, PUP) -0.12; Micah Parsons (EDGE, PUP) -1.40; Josh Jacobs (RB, Out) -0.79; Aaron Banks (LG, Questionable) -0.20; Zach Bako-Bewele (RT, Questionable) -0.23",False,False,indoor,,,,,0.383,0.239,Kyler Murray (acquired from ARI) beat out J.J. McCarthy.,
2026_01_MIA_LV,2026-09-13 16:25 ET,MIA,LV,Allegiant Stadium,dome,False,False,LV,0.577,Lean,0.577,-136,136,-198,164,0.6369,-0.0599,3.5,1.26,2.49,13.46,21.6,19.0,40.5,-7.35,-3.67,-5.8,-5.26,1.8,Kirk Cousins,Malik Willis,1.51,-1.16,-0.69,-0.8,"Carter Runyon (TE, IR) -0.12; Keyron Crawford (DE, IR) -0.17; Ashton Jeanty (RB, Questionable) -0.35","Kenneth Grant (DT, IR) -0.45; Trey Moore (LB, IR) -0.09; Will Kacmarek (TE, Questionable) -0.23",True,True,indoor,,,,,0.387,0.25,Kirk Cousins (signed from ATL) named starter over No. 1 overall pick Fernando Mendoza.,Malik Willis is a first-year full-time starter (signed from GB); tiny 2024-25 sample overridden with a below-average prior.
2026_01_WAS_PHI,2026-09-13 16:25 ET,WAS,PHI,Lincoln Financial Field,outdoors,False,True,PHI,0.726,High,0.726,-265,265,-218,180,0.6575,0.0685,5.5,9.82,7.44,12.81,26.5,19.0,45.5,2.09,-3.66,0.87,-7.2,1.75,Jalen Hurts,Jayden Daniels,0.1,0.5,-1.32,-4.05,"Andre' Sam (S, IR) -0.10; Grant Calcaterra (TE, IR) -0.12; Jakorian Bennett (CB, IR) -0.17; Johnny Wilson (WR, IR) -0.14; Tucker Large (DB, NFI) -0.10; Jonathan Greenard (EDGE, Doubtful) -0.68","Dorance Armstrong (EDGE, IR) -0.20; Jer'Zhan (Johnny) Newton (DT, IR) -0.45; Jeremy McNichols (RB, IR) -0.11; Laremy Tunsil (LT, IR) -1.75; Deatrich Wise (DL, PUP) -0.12; Trey Amos (CB, Out) -0.85; Nick Allegretti (C, Doubtful) -0.42; K'Lavon Chaisson (EDGE, Returning-expected-to-play) -0.06",False,False,benign,77.0,8.0,10.0,medium,0.532,0.136,,
2026_01_DAL_NYG,2026-09-13 20:20 ET,DAL,NYG,MetLife Stadium,outdoors,False,True,DAL,0.5157,Coin flip,0.4843,106,-106,124,-148,0.4279,0.0564,-2.5,1.74,-0.59,12.87,24.0,24.5,48.5,-1.78,-2.3,-2.76,-3.0,1.5,Jaxson Dart,Dak Prescott,0.53,0.07,-1.69,-0.77,"Calvin Austin III (WR, IR) -0.14; Gunner Olszewski (WR, IR) -0.14; Jarrick Bernard-Converse (DB, IR) -0.10; Korie Black (CB, IR) -0.17; Roy Robertson-Harris (DL, IR) -0.12; Dante Miller (RB, Questionable) -0.05; Malik Nabers (WR, Questionable) -0.79; Abdul Carter (EDGE, Probable) -0.08; Andrew Thomas (LT, Probable) -0.10","Devin Moore (CB, IR) -0.17; Kelvin Gilliam (DL, IR) -0.12; Marist Liufau (LB, IR) -0.09; Matt Hennessy (OL, IR) -0.12; Princeton Fant (TE, IR) -0.12; Tyler Guyton (LT, Probable) -0.10",True,False,benign,68.0,7.0,10.0,medium,0.291,0.321,Jaxson Dart year two under new HC John Harbaugh; modest development bump.,Sam Howell is the new backup.
2026_01_DEN_KC,2026-09-14 20:15 ET,DEN,KC,GEHA Field at Arrowhead Stadium,outdoors,False,True,KC,0.5612,Lean,0.5612,-128,128,-148,124,0.5721,-0.0109,3.0,0.48,1.82,12.87,22.2,20.3,42.5,0.94,2.52,-0.66,0.87,2.0,Patrick Mahomes,Bo Nix,0.46,0.14,-2.06,-1.8,"C.J. Hanson (OL, IR) -0.12; EJ Smith (RB, IR) -0.11; Ethan Downs (LB, IR) -0.09; Jimmy Holiday (WR, IR) -0.14; Matt Waletzko (OL, IR) -0.12; Omarr Norman-Lott (DT, PUP) -0.11; Josh Simmons (LT, Doubtful) -0.85; R Mason Thomas (DE, Questionable) -0.08; Trey Smith (RG, Questionable) -0.35; Chris Jones (DT, Probable) -0.08","Caleb Lohner (TE, IR) -0.12; Drew Sanders (LB, IR) -0.09; Frank Crum (OT, IR) -0.20; Levelle Bailey (ILB, IR) -0.09; Matt Henningsen (DL, IR) -0.12; Michael Deiter (OL, IR) -0.12; Nick Gargiulo (OL, PUP) -0.12; Jonathon Cooper (OLB, Out) -0.80; Jaylen Waddle (WR, Returning-expected-to-play) -0.08",False,False,benign,78.0,12.0,30.0,low,0.361,0.257,Mahomes was a full participant throughout camp after the December 2025 ACL/LCL tear and is on track to start; small rust trim kept. Justin Fields is QB2.,Bo Nix recovered from playoff ankle surgery; new OC Davis Webb.
